url,title,description,updated_at,created_at,topics,website,stars,watchers,forks,last_commit_date,number_of_releases,latest_release_date,latest_release_name,head_fork,issues,open_issues,closed_issues,prs,open_prs,closed_prs,contributors,nextflow_main_lang,nextflow_code_chars,languages,main_nf_in_root,nextflow_config_in_root,any_nf_in_root,main_nf_in_subfolder,nextflow_config_in_subfolder,any_nf_in_subfolder,not_available
https://github.com/cbcrg/ampa-nf,ampa-nf,Fast automated prediction of protein antimicrobial regions,2022-03-15 06:43:50,2013-08-22 16:06:16,"nextflow, protein-antimicrobial-regions, pipeline",tcoffee.crg.cat/apps/ampa/,3.0,3.0,5.0,2013-08-22 16:06:16,1.0,2013-10-07 13:47:50,Version 1.0,,0.0,0.0,0.0,0.0,0.0,0.0,1.0,False,3311.0,"Perl: 57.52%, Shell: 28.49%, Nextflow: 12.81%, Dockerfile: 1.18%",False,True,True,False,False,False,
https://github.com/cbcrg/mta-nf,mta-nf,Method for best alignment of evaluation trees,2020-06-05 17:13:39,2014-09-15 10:49:42,"nextflow, pipeline",,2.0,2.0,6.0,2014-08-21 12:06:35,0.0,,,orobitg/mta-nf,0.0,0.0,0.0,0.0,0.0,0.0,2.0,False,6644.0,"C: 86.82%, Shell: 7.16%, Nextflow: 5.31%, Makefile: 0.72%",False,True,True,False,False,False,
https://github.com/nextflow-io/rnaseq-nf,rnaseq-nf,A proof of concept of RNAseq pipeline,2023-08-16 19:56:06,2017-07-14 15:20:49,"nextflow, rnaseq, genomics",,56.0,56.0,85.0,2017-07-14 15:24:04,1.0,2020-01-22 08:25:25,,,7.0,7.0,11.0,2.0,2.0,8.0,5.0,True,6793.0,"Nextflow: 93.11%, Makefile: 2.97%, Dockerfile: 2.08%, Shell: 1.84%",True,True,True,False,False,False,
https://github.com/nextflow-io/rnatoy,rnatoy,A proof of concept RNA-Seq pipeline with Nextflow,2023-07-25 13:53:06,2014-09-08 16:32:50,"nextflow, docker, rnaseq, rna-seq",,32.0,32.0,45.0,2014-09-08 16:47:19,0.0,,,,1.0,1.0,5.0,0.0,0.0,2.0,2.0,True,3725.0,"Nextflow: 80.11%, Dockerfile: 19.89%",True,True,True,False,False,False,
https://github.com/nextflow-io/elixir-workshop-21,elixir-workshop-21,Nextflow workflow workshop 2021,2023-07-25 14:51:53,2021-11-25 09:50:41,,https://nextflow-io.github.io/elixir-workshop-21/docs/,4.0,4.0,4.0,2021-11-25 10:10:07,0.0,,,,0.0,0.0,2.0,0.0,0.0,2.0,2.0,True,7830.0,"Nextflow: 57.78%, Python: 41.38%, Shell: 0.84%",True,True,True,False,False,False,
https://github.com/AndersenLab/cegwas2-nf,cegwas2-nf,GWA mapping with C. elegans,2022-03-11 02:28:07,2018-10-04 23:49:34,nextflow,,8.0,8.0,6.0,2018-10-04 23:49:34,0.0,,,,7.0,7.0,19.0,0.0,0.0,16.0,4.0,False,36334.0,"R: 71.25%, Nextflow: 28.75%",True,True,True,False,False,False,
https://github.com/alesssia/YAMP,YAMP,YAMP: Yet Another Metagenomic Pipeline,2023-06-01 10:58:12,2017-04-22 15:22:40,,,52.0,52.0,28.0,2017-04-22 15:22:40,0.0,,,,8.0,8.0,19.0,0.0,0.0,3.0,2.0,True,41042.0,"Nextflow: 79.38%, Shell: 17.43%, Python: 3.19%",False,True,True,False,False,False,
https://github.com/anvlasova/FA-nf,FA-nf,Functional annotation pipeline for proteins from non-model organisms implemented in Nextflow ,2020-11-05 15:32:57,2017-07-18 16:52:49,,,3.0,3.0,1.0,2017-07-18 16:49:13,0.0,,,,0.0,0.0,1.0,0.0,0.0,1.0,2.0,False,9930.0,"Perl: 91.81%, Nextflow: 5.19%, Shell: 1.98%, R: 1.01%",False,True,True,False,False,False,
https://github.com/biocorecrg/allele_specific_RNAseq,allele_specific_RNAseq,Allele Specific RNAseq,2023-08-18 11:06:00,2020-02-06 14:32:42,,,6.0,6.0,1.0,2020-02-06 14:32:44,0.0,,,,2.0,2.0,39.0,0.0,0.0,0.0,2.0,True,33789.0,"Nextflow: 68.17%, Python: 21.25%, Dockerfile: 6.68%, Shell: 3.89%",False,True,True,False,False,False,
https://github.com/bactopia/bactopia,bactopia,A flexible pipeline for complete analysis of bacterial genomes,2023-08-14 23:37:00,2019-02-22 13:49:38,"bacterial-genomes, nextflow, fastqs, conda, bioconda",https://bactopia.github.io,267.0,267.0,49.0,2019-02-22 13:49:39,47.0,2019-05-01 13:28:58,Testing for conda install,,83.0,83.0,337.0,0.0,0.0,30.0,6.0,True,447297.0,"Nextflow: 54.60%, Python: 33.09%, Groovy: 8.97%, Shell: 2.56%, Dockerfile: 0.78%",True,True,True,False,False,False,
https://github.com/biocorecrg/ExOrthist,ExOrthist,ExOrthist: a pipeline to extract exon orthologies at any evolutionary distance.,2023-08-11 14:44:23,2019-08-01 10:51:11,,,17.0,17.0,5.0,2019-08-01 10:51:12,5.0,2020-11-05 14:49:15,v0.0.1.beta,,4.0,4.0,33.0,0.0,0.0,6.0,5.0,False,35155.0,"R: 51.81%, Nextflow: 35.70%, HCL: 10.73%, Dockerfile: 1.61%, Shell: 0.15%",True,True,True,False,False,False,
https://github.com/biocorecrg/indrop,indrop,Single cell transcriptome analysis pipeline based on DropEst ,2020-09-15 19:39:56,2018-02-23 14:31:25,,,5.0,5.0,4.0,2018-02-23 14:31:25,0.0,,,,3.0,3.0,7.0,0.0,0.0,2.0,2.0,True,12168.0,"Nextflow: 54.61%, Perl: 19.63%, Python: 10.22%, R: 8.92%, Dockerfile: 6.62%",False,True,True,False,False,False,
https://github.com/biocorecrg/master_of_pores,master_of_pores, Nextflow pipeline for analysis of direct RNA Nanopore reads,2023-07-08 12:42:43,2019-10-10 15:52:37,"nanopore-sequencing, nanopore-analysis-pipeline, nextflow, nextflow-pipeline, docker, singularity",https://biocorecrg.github.io/master_of_pores/,78.0,78.0,15.0,2019-10-10 15:52:38,1.0,2021-07-13 09:49:31,Version 1.0,,2.0,2.0,113.0,0.0,0.0,6.0,4.0,True,67382.0,"Nextflow: 85.07%, R: 7.20%, HCL: 4.86%, Shell: 2.86%",False,False,False,False,False,False,
https://github.com/biocorecrg/MOP2,MOP2,Master of Pores 2,2023-08-02 20:03:52,2021-11-12 16:21:24,"docker, pipeline, nanopore, singularity, nextflow, rna, cdna, rna-seq",https://biocorecrg.github.io/MOP2/docs/,19.0,19.0,7.0,2020-05-18 09:36:03,0.0,,,,11.0,11.0,39.0,0.0,0.0,4.0,4.0,True,67513.0,"Nextflow: 71.58%, HCL: 17.91%, Perl: 5.13%, R: 2.73%, Shell: 2.64%",False,False,True,False,False,False,
https://github.com/biocorecrg/transcriptome_assembly,transcriptome_assembly,Biocore's de novo transcriptome assembly workflow based on Nextflow,2022-05-10 18:47:21,2019-02-19 15:23:30,"denovo-assembly, transcriptome-assembly",,3.0,3.0,2.0,2019-02-19 15:23:31,1.0,2019-04-10 09:32:51,version 1.0,,1.0,1.0,0.0,0.0,0.0,0.0,1.0,True,34007.0,"Nextflow: 49.76%, Perl: 45.52%, Dockerfile: 3.80%, Shell: 0.56%, R: 0.36%",False,True,False,False,False,False,
https://github.com/biocorecrg/vectorQC,vectorQC,A pipeline for assembling and annotation of vectors,2023-07-08 12:43:04,2018-08-14 09:20:20,"dnavectors, amplicons, dnaconstruct, quality-control, bioinformatics-pipeline",,4.0,4.0,0.0,2018-08-14 09:20:39,3.0,2018-09-06 07:44:11,First version of the pipeline,,2.0,2.0,14.0,0.0,0.0,3.0,4.0,True,17650.0,"Nextflow: 46.14%, Python: 42.59%, Dockerfile: 11.27%",True,True,True,False,False,False,
https://github.com/brwnj/smoove-nf,smoove-nf,Nextflow implementation of the smoove workflow and other tools for SV calling and QC,2021-10-28 20:02:37,2018-11-16 19:03:28,,,12.0,12.0,2.0,2018-11-16 19:03:29,3.0,2019-08-21 22:21:00,,,1.0,1.0,3.0,0.0,0.0,1.0,1.0,False,14810.0,"Python: 68.41%, Nextflow: 31.59%",True,True,True,False,False,False,
https://github.com/cbcrg/kallisto-nf,kallisto-nf,A nextflow implementation of Kallisto & Sleuth RNA-Seq Tools,2023-07-21 06:58:10,2015-11-05 14:19:32,"nextflow, kallisto, pipeline, sleuth-rna-seq",,22.0,22.0,20.0,2015-11-05 15:39:22,2.0,2016-02-14 22:53:47,Alpha Release,,3.0,3.0,3.0,2.0,2.0,0.0,2.0,True,4182.0,"Nextflow: 76.62%, R: 23.38%",False,True,True,False,False,False,
https://github.com/cbcrg/piper-nf,piper-nf,RNA mapping pipeline,2022-06-18 00:57:09,2013-05-10 12:20:05,"nextflow, pipeline",,18.0,18.0,5.0,2013-05-10 12:38:44,3.0,2013-11-27 14:06:25,Version 1.0.0,,2.0,2.0,0.0,0.0,0.0,0.0,2.0,True,52299.0,"Nextflow: 46.96%, Perl: 39.21%, Shell: 13.83%",False,True,True,False,False,False,
https://github.com/cbcrg/unistrap,unistrap,Reliability measure of inferred phylogenetic trees,2022-01-10 06:14:38,2016-04-25 15:44:05,nextflow,,6.0,6.0,2.0,2016-04-25 15:49:35,0.0,,,,3.0,3.0,0.0,0.0,0.0,0.0,3.0,False,14965.0,"Perl: 75.60%, Nextflow: 24.01%, Shell: 0.39%",False,True,True,False,False,False,
https://github.com/crickbabs/BABS-aDNASeq,BABS-aDNASeq,An ancient DNA nextflow analysis pipeline,2023-07-08 12:45:58,2018-09-14 12:09:21,,,2.0,2.0,0.0,2018-09-06 08:53:21,0.0,,,,0.0,0.0,0.0,0.0,0.0,0.0,1.0,True,40106.0,"Nextflow: 80.95%, Groovy: 14.90%, Shell: 4.15%",False,True,True,False,False,False,
https://github.com/CRG-CNAG/CalliNGS-NF,CalliNGS-NF,GATK RNA-Seq Variant Calling in Nextflow,2023-08-16 19:55:14,2017-02-28 10:08:10,"nextflow, ngs, variant-calling, rna-seq, gatk, bioinformatics, genomics",,116.0,116.0,50.0,2017-02-28 10:01:38,0.0,,,,13.0,13.0,23.0,1.0,1.0,9.0,5.0,True,14767.0,"Nextflow: 64.18%, R: 35.82%",True,True,True,False,False,False,
https://github.com/Dowell-Lab/ChIP-Flow,ChIP-Flow,Nextflow pipeline for ChIP-seq analysis.,2023-07-05 13:04:26,2019-03-22 20:55:55,,,4.0,4.0,0.0,2019-03-22 20:59:55,0.0,,,,0.0,0.0,1.0,0.0,0.0,0.0,1.0,True,39617.0,"Nextflow: 78.50%, Python: 10.46%, HTML: 4.89%, Shell: 2.97%, R: 2.23%, Groovy: 0.94%",True,True,True,False,False,False,
https://github.com/Dowell-Lab/RNAseq-Flow,RNAseq-Flow,Nextflow pipeline for processing RNA-seq data,2022-06-30 03:11:30,2019-03-22 17:02:11,,,7.0,7.0,5.0,2019-03-22 17:02:12,0.0,,,,0.0,0.0,2.0,0.0,0.0,1.0,3.0,True,49729.0,"Nextflow: 81.96%, Python: 8.91%, HTML: 4.08%, Shell: 2.41%, R: 1.85%, Groovy: 0.78%",True,True,True,False,False,False,
https://github.com/Dowell-Lab/Nascent-Flow,Nascent-Flow,Nascent Transcription Processing Pipeline,2023-03-03 15:35:01,2018-11-28 06:18:34,,,6.0,6.0,5.0,2018-07-28 05:09:15,0.0,,,,1.0,1.0,10.0,0.0,0.0,4.0,4.0,True,65888.0,"Nextflow: 67.48%, Python: 25.19%, Shell: 3.01%, HTML: 2.68%, R: 1.15%, Groovy: 0.49%",True,True,True,False,False,False,
https://github.com/FredHutch/reproducible-workflows/tree/master/nextflow,,,,,,,,,,,,,,,,,,,,,,,,,,,,,,,True
https://github.com/guigolab/chip-nf,chip-nf,An automated ChIP-seq pipeline using Nextfow,2023-03-27 07:52:11,2016-01-22 10:25:32,"chip-seq, nextflow, pipeline, ngs, crg, guigo, guigolab-nf",,16.0,16.0,3.0,2015-11-03 16:36:10,7.0,2015-12-03 09:33:16,ERC human beta version,,0.0,0.0,7.0,0.0,0.0,0.0,1.0,True,27411.0,"Nextflow: 84.39%, Dockerfile: 13.51%, Shell: 1.29%, Awk: 0.80%",False,True,True,False,False,False,
https://github.com/guigolab/grape-nf,grape-nf,An automated RNA-seq pipeline using Nextflow,2023-05-23 09:23:51,2015-07-01 11:36:36,"rna-seq, nextflow, pipeline, ngs, crg, guigo",,35.0,35.0,10.0,2013-11-18 08:53:34,15.0,2016-02-16 15:50:57,Version 0.1.0,,32.0,32.0,48.0,1.0,1.0,11.0,6.0,False,30928.0,"Shell: 47.73%, Nextflow: 24.47%, Dockerfile: 12.39%, Python: 10.33%, Makefile: 4.74%, Awk: 0.34%",False,True,True,False,False,False,
https://github.com/guigolab/ipsa-nf,ipsa-nf,Integrative Pipeline for Splicing Analyses (IPSA) in Nextflow,2023-05-31 18:32:37,2017-04-10 09:06:42,"nextflow, ngs, rna-seq, splicing-quantification, splicing-event, bioinformatics, genomics, crg, guigo, pipeline, splice-junctions, splicing-analyses",,7.0,7.0,5.0,2016-05-06 14:00:25,2.0,2018-07-10 09:42:07,Version 4.1,,3.0,3.0,4.0,0.0,0.0,0.0,1.0,False,15186.0,"Perl: 55.89%, Nextflow: 31.58%, Awk: 6.98%, Groovy: 2.86%, Dockerfile: 1.70%, Shell: 0.99%",False,True,True,False,False,False,
https://github.com/guigolab/FA-nf,FA-nf,Functional annotation pipeline for proteins from non-model organisms implemented in Nextflow,2023-06-15 14:42:32,2019-09-19 09:33:55,"pipeline, bioinformatics, nextflow",,15.0,15.0,5.0,2017-07-18 16:49:13,6.0,2019-09-27 13:21:00,0.1.0 Version,,1.0,1.0,8.0,0.0,0.0,2.0,4.0,False,34971.0,"Perl: 84.22%, Nextflow: 13.07%, Shell: 1.40%, R: 0.73%, Dockerfile: 0.59%",True,True,True,False,False,False,
https://github.com/h3abionet/h3abionet16S,h3abionet16S,H3ABioNet 16S rDNA diverstity analysis package,2022-08-11 04:22:05,2016-08-22 13:58:26,,https://h3abionet.github.io/h3abionet16S/,18.0,18.0,16.0,2016-08-22 13:58:27,0.0,,,,2.0,2.0,13.0,1.0,1.0,11.0,7.0,False,14698.0,"Common Workflow Language: 33.45%, Nextflow: 23.92%, Perl: 14.83%, Dockerfile: 13.92%, Python: 7.03%, Shell: 3.66%, R: 3.18%",False,False,False,False,False,False,
https://github.com/JaneliaSciComp/nextflow-spark,nextflow-spark,,2023-07-18 21:45:19,2020-12-21 17:00:33,,,13.0,13.0,2.0,2020-12-11 03:23:07,8.0,2021-02-19 22:01:58,Release 1.1.0,,0.0,0.0,0.0,0.0,0.0,0.0,2.0,True,26557.0,"Nextflow: 97.88%, Dockerfile: 2.12%",True,True,True,False,False,False,
https://github.com/IARCbioinfo/needlestack,needlestack,Multi-sample somatic variant caller,2023-01-19 15:22:12,2015-06-16 13:33:24,"nextflow, pipeline, regression, bam-files, variants, ngs, somatic-mutations, negative-binomial-regression, samtools, docker",,46.0,46.0,14.0,2015-06-16 13:33:24,5.0,2015-09-18 08:47:27,v0.1,,10.0,10.0,183.0,0.0,0.0,91.0,7.0,False,31742.0,"R: 64.49%, Nextflow: 18.68%, Shell: 12.26%, Dockerfile: 2.43%, TeX: 2.15%",False,True,True,False,False,False,
https://github.com/IARCbioinfo/gatk4-GenotypeGVCFs-nf,gatk4-GenotypeGVCFs-nf,"Joint calling of gVCF, following GATK4 Best Practices",2022-04-08 13:48:12,2018-06-12 12:17:56,,,9.0,9.0,10.0,2018-06-12 12:17:57,0.0,,,,0.0,0.0,0.0,0.0,0.0,0.0,1.0,True,12795.0,Nextflow: 100.00%,False,True,True,False,False,False,
https://github.com/IARCbioinfo/gatk4-HaplotypeCaller-nf,gatk4-HaplotypeCaller-nf,"GATK4 HaplotypeCaller step, in gVCF mode, first step for subsequent whole cohort Joint Genotyping.",2022-06-27 18:05:36,2018-05-31 13:50:13,,,7.0,7.0,5.0,2018-05-31 13:50:14,0.0,,,,0.0,0.0,3.0,0.0,0.0,2.0,2.0,True,5555.0,Nextflow: 100.00%,False,True,True,False,False,False,
https://github.com/icgc-argo/sanger-wgs-variant-calling,sanger-wgs-variant-calling,ICGC-ARGO Sanger WGS Somatic Variant Calling Workflow,2023-01-28 07:00:38,2021-08-25 20:20:36,,https://github.com/icgc-argo/sanger-wgs-variant-calling,0.0,0.0,0.0,2019-08-25 22:12:25,14.0,2020-05-13 17:26:12,2.1.0-9-1.0,icgc-argo-workflows/sanger-wgs-variant-calling,0.0,0.0,0.0,0.0,0.0,0.0,3.0,True,62444.0,"Nextflow: 68.21%, Python: 26.45%, Shell: 3.97%, Dockerfile: 1.37%",True,True,True,False,False,False,
https://github.com/jdidion/atropos/tree/main/paper,,,,,,,,,,,,,,,,,,,,,,,,,,,,,,,True
https://github.com/labsyspharm/mcmicro,mcmicro,Multiple-choice microscopy pipeline,2023-07-24 16:39:47,2020-01-07 18:52:26,,https://mcmicro.org/,80.0,80.0,56.0,2020-01-07 18:52:27,0.0,,,,47.0,47.0,463.0,2.0,2.0,290.0,15.0,True,41153.0,"Nextflow: 56.93%, Python: 25.18%, Groovy: 16.47%, Shell: 1.42%",True,True,True,False,False,False,
https://github.molgen.mpg.de/loosolab/TOuCAN,,,,,,,,,,,,,,,,,,,,,,,,,,,,,,,True
https://github.com/metagenomics/MeRaGENE,MeRaGENE,,2017-10-21 06:57:35,2015-06-10 13:40:48,,,4.0,4.0,2.0,2015-06-23 15:04:36,0.0,,,,23.0,23.0,143.0,0.0,0.0,70.0,3.0,False,0.0,"Python: 46.79%, Shell: 16.34%, JavaScript: 13.45%, HTML: 10.84%, Gherkin: 6.32%, CSS: 4.19%, Makefile: 2.06%",True,True,True,False,False,False,
https://github.com/mirnylab/distiller-nf,distiller-nf,A modular Hi-C mapping pipeline,2023-07-21 09:27:24,2017-04-25 04:12:15,"pipeline, nextflow, hi-c",,74.0,74.0,25.0,2017-04-25 04:12:16,8.0,2018-08-04 19:16:31,v0.1.0,,64.0,64.0,120.0,3.0,3.0,34.0,9.0,False,1397.0,"Groovy: 67.19%, Python: 21.36%, Shell: 5.03%, Nextflow: 3.73%, Dockerfile: 2.69%",False,True,True,False,False,False,
https://github.com/montilab/pipeliner,pipeliner,A flexible Nextflow-based framework for the definition of sequencing data processing pipelines,2023-08-16 10:16:02,2017-08-03 02:27:42,"nextflow, workflow, bioinformatics, rna-seq, computational-biology",,42.0,42.0,14.0,2017-08-03 02:27:43,0.0,,,,4.0,4.0,47.0,0.0,0.0,0.0,1.0,True,61057.0,"Nextflow: 49.10%, Python: 43.54%, Shell: 6.68%, R: 0.48%, Dockerfile: 0.20%",False,False,False,False,False,False,
https://github.com/NCBI-Hackathons/ATACFlow,ATACFlow,An ATAC-seq pipeline wrapped in NextFlow that can be run by Jupyter,2022-05-12 21:46:00,2018-06-21 13:17:30,"atac-seq, nextflow, jupyter-notebook, ncbi, beta-release",,15.0,15.0,12.0,2018-06-21 13:17:31,1.0,2018-06-23 20:12:22,,,2.0,2.0,7.0,1.0,1.0,7.0,6.0,False,39948.0,"Jupyter Notebook: 97.66%, Nextflow: 1.95%, Python: 0.20%, HTML: 0.12%, R: 0.05%, Dockerfile: 0.02%",True,True,True,False,False,False,
https://github.com/ncsa/GenomicsCortextVarNextflow,GenomicsCortextVarNextflow,,2021-02-06 14:43:47,2018-06-12 19:40:39,,,2.0,2.0,0.0,2018-06-12 19:40:40,0.0,,,,0.0,0.0,5.0,0.0,0.0,5.0,2.0,True,42050.0,"Nextflow: 75.88%, Shell: 19.35%, Python: 4.78%",False,True,True,False,False,False,
https://github.com/nf-core/chipseq,chipseq,"ChIP-seq peak-calling, QC and differential analysis pipeline.",2023-08-16 19:54:56,2018-04-24 15:42:59,"nf-core, nextflow, workflow, chip-seq, chromatin-immunoprecipitation, peak-calling, chip, pipeline, macs2",https://nf-co.re/chipseq,151.0,151.0,119.0,2016-06-08 07:07:22,6.0,2019-06-06 15:10:58,nf-core/chipseq v1.0.0 - Platinum Wolf,,27.0,27.0,333.0,3.0,3.0,198.0,16.0,True,154814.0,"Nextflow: 58.25%, Groovy: 16.96%, R: 11.16%, Python: 11.15%, Perl: 1.54%, HTML: 0.94%",True,True,True,False,False,False,
https://github.com/nf-core/eager,eager,A fully reproducible and state-of-the-art ancient DNA analysis pipeline,2023-08-16 19:55:29,2018-06-03 15:52:24,"nextflow, ancientdna, adna, pipeline, pathogen-genomics, population-genetics, nf-core, workflow, metagenomics, bioinformatics, genome, ancient-dna-analysis",https://nf-co.re/eager,99.0,99.0,71.0,2018-03-15 15:58:36,26.0,2018-10-17 21:18:48,"2.0.0 - ""Kaufbeuren""",,59.0,59.0,961.0,7.0,7.0,614.0,23.0,True,221514.0,"Nextflow: 75.52%, Groovy: 12.59%, Python: 10.84%, HTML: 0.85%, Dockerfile: 0.19%",True,True,True,False,False,False,
https://github.com/nf-core/hlatyping,hlatyping,Precision HLA typing from next-generation sequencing data,2023-08-18 14:04:54,2018-07-11 12:42:26,"hla, hla-typing, immunology, dna, rna, optitype, personalized-medicine, nf-core, nextflow, workflow, pipeline",https://nf-co.re/hlatyping,47.0,47.0,26.0,2018-06-01 14:01:08,10.0,2018-07-18 13:19:57,Pre-release of hlatyping pipeline,,9.0,9.0,147.0,1.0,1.0,105.0,11.0,True,66898.0,"Nextflow: 50.72%, Groovy: 35.20%, Python: 12.17%, HTML: 1.91%",True,True,True,False,False,False,
https://github.com/nf-core/lncpipe,lncpipe,UNDER DEVELOPMENT--- Analysis of long non-coding RNAs from RNA-seq datasets,2023-04-26 00:17:28,2018-10-19 13:50:03,"lncrna, rna-seq-analysis, transcriptome, differential-expression, nf-core, nextflow, workflow, pipeline, rna, long-non-coding, non-coding",https://nf-co.re/lncpipe,25.0,25.0,15.0,2017-04-17 05:17:40,0.0,,,likelet/LncPipe,4.0,4.0,31.0,2.0,2.0,23.0,9.0,True,77300.0,"Nextflow: 76.05%, Perl: 15.18%, R: 4.28%, HTML: 2.39%, Python: 1.23%, Singularity: 0.37%, Dockerfile: 0.32%, Shell: 0.17%",True,True,True,False,False,False,
https://github.com/nf-core/mag,mag,Assembly and binning of metagenomes,2023-08-16 19:54:54,2018-05-22 06:06:58,"workflow, nextflow, metagenomics, assembly, binning, annotation, nf-core, pipeline, bioinformatics, nanopore, nanopore-sequencing, metagenomes, long-read-sequencing",https://nf-co.re/mag,140.0,140.0,86.0,2018-05-22 06:07:38,13.0,2019-12-21 10:19:32,mag 1.0.0 - Purple Corgi,,36.0,36.0,457.0,2.0,2.0,298.0,19.0,True,230183.0,"Nextflow: 70.77%, Groovy: 18.06%, Python: 10.41%, HTML: 0.76%",True,True,True,False,False,False,
https://github.com/nf-core/methylseq,methylseq,Methylation (Bisulfite-Sequencing) analysis pipeline using Bismark or bwa-meth + MethylDackel,2023-08-16 19:55:16,2018-03-12 15:46:42,"nf-core, nextflow, workflow, bisulfite-sequencing, dna-methylation, methyl-seq, pipeline, em-seq, epigenome, epigenomics, pbat, rrbs",https://nf-co.re/methylseq,115.0,115.0,117.0,2016-03-01 14:40:50,13.0,2018-04-17 15:48:25,1.0,,23.0,23.0,312.0,7.0,7.0,235.0,23.0,True,109503.0,"Nextflow: 64.44%, Groovy: 28.37%, Python: 5.68%, HTML: 1.50%",True,True,True,False,False,False,
https://github.com/nf-core/pangenome,pangenome,Renders a collection of sequences into a pangenome graph.,2023-08-16 19:57:16,2020-11-08 18:02:43,"nf-core, nextflow, workflow, pipeline, pangenome",https://nf-co.re/pangenome,29.0,29.0,7.0,2020-11-08 11:04:42,1.0,2023-08-01 08:48:59,pangenome 1.0.0 - Ratzupaltuff,,6.0,6.0,135.0,0.0,0.0,99.0,7.0,True,68969.0,"Nextflow: 64.94%, Groovy: 23.55%, Python: 8.88%, HTML: 2.64%",True,True,True,False,False,False,
https://github.com/nf-core/rnaseq,rnaseq,"RNA sequencing analysis pipeline using STAR, RSEM, HISAT2 or Salmon with gene/isoform counts and extensive quality control.",2023-08-18 05:44:47,2018-03-29 13:10:58,"nf-core, nextflow, workflow, rna-seq, rna, pipeline",https://nf-co.re/rnaseq,651.0,651.0,591.0,2016-03-01 14:40:50,25.0,2018-08-20 16:36:08,nf-core/rnaseq version 1.0,,44.0,44.0,1011.0,4.0,4.0,550.0,72.0,True,196403.0,"Nextflow: 59.72%, Groovy: 20.23%, Python: 10.56%, R: 7.14%, Perl: 1.24%, HTML: 1.11%",True,True,True,False,False,False,
https://github.com/nf-core/rnafusion,rnafusion,RNA-seq analysis pipeline for detection gene-fusions,2023-08-16 19:55:25,2018-10-05 13:05:57,"nf-core, nextflow, workflow, rna-seq, rna, pipeline, fusion-genes, fusion, gene-fusion",https://nf-co.re/rnafusion,110.0,110.0,74.0,2017-05-24 11:04:29,13.0,2019-02-14 21:26:30,nf-core/rnafusion:1.0,,19.0,19.0,356.0,1.0,1.0,189.0,17.0,True,104772.0,"Nextflow: 58.40%, Groovy: 26.56%, Python: 11.50%, Dockerfile: 2.13%, HTML: 1.41%",True,True,True,False,False,False,
https://github.com/nf-core/sarek,sarek,"Analysis pipeline to detect germline or somatic variants (pre-processing, variant calling and annotation) from WGS / targeted sequencing",2023-08-16 18:56:58,2019-04-30 15:43:00,"nextflow, workflow, pipeline, bioinformatics, genomics, cancer, next-generation-sequencing, conda, reproducible-research, containers, germline, somatic, variant-calling, nf-core, gatk4, annotation, whole-genome-sequencing, whole-exome-sequencing, pre-processing, target-panels",https://nf-co.re/sarek,265.0,265.0,315.0,2019-04-30 15:32:47,18.0,2019-10-08 13:12:07,Sarek 2.5 - √Ölkatj,,130.0,130.0,1051.0,9.0,9.0,701.0,37.0,True,372182.0,"Nextflow: 87.49%, Groovy: 11.92%, HTML: 0.60%",True,True,True,False,False,False,
https://github.com/nf-core/smrnaseq,smrnaseq,A small-RNA sequencing analysis pipeline,2023-08-16 19:56:14,2018-07-11 14:56:59,"nf-core, nextflow, workflow, small-rna, smrna-seq, pipeline",https://nf-co.re/smrnaseq,53.0,53.0,101.0,2016-05-04 11:58:05,6.0,2019-09-20 15:52:42,nf-core/smrnaseq v1.0.0,,32.0,32.0,233.0,7.0,7.0,144.0,28.0,True,114572.0,"Nextflow: 64.87%, Groovy: 28.10%, R: 2.82%, Python: 2.80%, HTML: 1.41%",True,True,True,False,False,False,
https://github.com/nf-core/vipr,vipr,Assembly and intrahost / low-frequency variant calling for viral samples,2023-02-20 21:01:36,2018-05-15 07:49:57,"nf-core, nextflow, workflow, viral, viral-genomics, variant-calling, metagenomics, genome-assembly, viral-ngs, viral-metagenomics, viruses, virus, pipeline",https://nf-co.re/vipr,14.0,14.0,10.0,2018-04-13 14:46:05,0.0,,,,18.0,18.0,18.0,1.0,1.0,10.0,4.0,True,20611.0,"Nextflow: 84.06%, Python: 14.02%, Dockerfile: 1.92%",True,True,True,False,False,False,
https://github.com/nf-core/viralrecon/,viralrecon,Assembly and intrahost/low-frequency variant calling for viral samples,2023-08-16 19:55:30,2020-03-30 11:14:12,"viral, metagenomics, amplicon, assembly, variant-calling, illumina, pipeline, workflow, nextflow, nf-core, covid-19, covid19, virus, sars-cov-2, nanopore, ont, artic, long-read-sequencing, oxford-nanopore",https://nf-co.re/viralrecon,98.0,98.0,88.0,2020-03-30 11:00:37,11.0,2020-06-01 13:23:03,nf-core/viralrecon v1.0.0 - Mercury Bat,,24.0,24.0,368.0,1.0,1.0,250.0,19.0,True,214362.0,"Nextflow: 58.31%, Groovy: 18.18%, Python: 17.79%, R: 4.33%, HTML: 1.40%",True,True,True,False,False,False,
https://github.com/nmdp-bioinformatics/flow,flow,Consensus assembly and variant calling workflow.,2022-10-27 08:33:22,2014-12-15 21:50:08,,,12.0,12.0,7.0,2014-12-15 21:50:08,0.0,,,,3.0,3.0,31.0,0.0,0.0,21.0,5.0,False,0.0,,True,False,True,False,False,False,
https://github.com/robsyme/nf-repeatmasking,nf-repeatmasking,"Nextflow workflow for automatic repeat detection, classification and masking",2022-05-11 19:10:34,2017-08-09 03:55:29,"bioinformatics, nextflow, transposable-elements, genomics",,11.0,11.0,5.0,2017-08-09 03:55:29,2.0,2017-11-14 06:17:11,,,4.0,4.0,2.0,3.0,3.0,2.0,2.0,False,0.0,"Perl: 81.53%, Lua: 15.69%, Ruby: 2.78%",True,True,True,False,False,False,
https://github.com/qbicsoftware/icgc-featurecounts,icgc-featurecounts,A Nextflow pipeline to run featureCounts on RNAseq BAM files on ICGC in AWS/AWS Batch,2021-12-08 13:05:35,2018-07-24 14:03:17,"icgc, genomics, reproducible, docker, singularity, nextflow, best-practice",,3.0,3.0,3.0,2018-07-24 09:02:57,1.0,2018-08-07 13:17:49,ICGC-featureCounts Release 1.0.0,apeltzer/IGCG-featureCounts,0.0,0.0,9.0,0.0,0.0,3.0,4.0,True,17225.0,"Nextflow: 67.32%, Python: 27.00%, R: 4.39%, Dockerfile: 1.28%",True,True,True,False,False,False,
https://github.com/sanger-pathogens/companion,companion,"This repository has been archived, currently maintained version is at https://github.com/iii-companion/companion",2023-01-28 05:30:31,2015-02-05 15:23:06,"pipeline, parasites, annotation, genomics, bioinformatics, genome, lua, nextflow",http://companion.sanger.ac.uk,21.0,21.0,19.0,2015-01-29 11:58:51,0.0,,,,27.0,27.0,144.0,0.0,0.0,74.0,8.0,False,404.0,"Lua: 82.93%, Groovy: 10.92%, Ruby: 4.22%, Dockerfile: 0.79%, Shell: 0.67%, Perl: 0.37%, Nextflow: 0.10%",False,True,True,False,False,False,
https://gitlab.com/tburk/smallRNA-meth,,,,,,,,,,,,,,,,,,,,,,,,,,,,,,,True
https://github.com/ZuberLab/crispr-process-nf,crispr-process-nf,Process CRISPR and shRNA functional genetic screening data,2023-02-15 20:57:10,2018-04-23 07:58:22,"nextflow, singularity, bioinformatics, crispr-cas9, shrna",,3.0,3.0,1.0,2018-04-20 09:44:27,0.0,,,,0.0,0.0,0.0,0.0,0.0,0.0,3.0,True,11069.0,"Nextflow: 70.80%, R: 26.03%, Shell: 3.17%",True,True,True,False,False,False,
https://github.com/ZuberLab/mageck-nf,mageck-nf,Statistical Analysis of multiplexed CRISPR / shRNA Screens using MAGeCK (deprecated),2023-02-15 20:57:01,2017-09-27 15:03:30,"nextflow, bioinformatics-pipeline, crispr-analysis, mageck, docker, singularity",,3.0,3.0,0.0,2017-09-27 15:04:55,0.0,,,,0.0,0.0,0.0,0.0,0.0,0.0,1.0,False,5484.0,"R: 52.62%, Nextflow: 47.38%",True,True,True,False,False,False,
https://github.com/biocorecrg/master_of_pores,master_of_pores, Nextflow pipeline for analysis of direct RNA Nanopore reads,2023-07-08 12:42:43,2019-10-10 15:52:37,"nanopore-sequencing, nanopore-analysis-pipeline, nextflow, nextflow-pipeline, docker, singularity",https://biocorecrg.github.io/master_of_pores/,78.0,78.0,15.0,2019-10-10 15:52:38,1.0,2021-07-13 09:49:31,Version 1.0,,2.0,2.0,113.0,0.0,0.0,6.0,4.0,True,67382.0,"Nextflow: 85.07%, R: 7.20%, HCL: 4.86%, Shell: 2.86%",False,False,False,False,False,False,
https://github.com/BU-ISCIII/SARS-Cov2_analysis,SARS-Cov2_analysis,Documentation for analyzing SARS-Cov2 samples.,2023-01-14 10:33:28,2020-03-11 11:12:42,,,12.0,12.0,3.0,2020-03-11 11:18:02,0.0,,,,0.0,0.0,0.0,0.0,0.0,0.0,3.0,False,0.0,"Python: 78.13%, R: 21.87%",False,False,False,False,False,False,
https://github.com/connor-lab/ncov2019-artic-nf,ncov2019-artic-nf,"A Nextflow pipeline for running the ARTIC network's fieldbioinformatics tools (https://github.com/artic-network/fieldbioinformatics), with a focus on ncov2019 ",2022-12-22 11:29:55,2020-03-10 18:20:03,,,84.0,84.0,86.0,2020-03-10 18:20:04,0.0,,,,34.0,34.0,96.0,11.0,11.0,67.0,13.0,True,38181.0,"Nextflow: 49.31%, Shell: 25.29%, Python: 23.67%, Dockerfile: 1.73%",True,True,True,False,False,False,
https://github.com/heuermh/sars-cov-2,sars-cov-2,SARS-CoV-2 (Severe acute respiratory syndrome coronavirus 2) sequences and features,2021-09-21 16:24:53,2020-03-31 04:53:20,,,1.0,1.0,1.0,2020-03-31 04:53:21,0.0,,,,0.0,0.0,1.0,0.0,0.0,0.0,1.0,True,8386.0,"Nextflow: 64.03%, Scala: 23.86%, Shell: 12.11%",True,True,True,False,False,False,
https://github.com/jnoms/virID,virID,Viral Identification and Discovery - A viral characterization pipeline built in Nextflow.,2023-04-24 02:22:31,2019-10-04 15:40:35,,,10.0,10.0,3.0,2019-10-04 15:40:35,2.0,2019-10-04 15:57:10,Initial stable release,,0.0,0.0,0.0,0.0,0.0,0.0,1.0,False,25320.0,"Python: 66.90%, Shell: 17.48%, Nextflow: 15.62%",False,True,True,False,False,False,
https://github.com/nf-core/viralrecon/,viralrecon,Assembly and intrahost/low-frequency variant calling for viral samples,2023-08-16 19:55:30,2020-03-30 11:14:12,"viral, metagenomics, amplicon, assembly, variant-calling, illumina, pipeline, workflow, nextflow, nf-core, covid-19, covid19, virus, sars-cov-2, nanopore, ont, artic, long-read-sequencing, oxford-nanopore",https://nf-co.re/viralrecon,98.0,98.0,88.0,2020-03-30 11:00:37,11.0,2020-06-01 13:23:03,nf-core/viralrecon v1.0.0 - Mercury Bat,,24.0,24.0,368.0,1.0,1.0,250.0,19.0,True,214362.0,"Nextflow: 58.31%, Groovy: 18.18%, Python: 17.79%, R: 4.33%, HTML: 1.40%",True,True,True,False,False,False,
https://gitlab.com/vtilloy/aspicov,,,,,,,,,,,,,,,,,,,,,,,,,,,,,,,True
https://github.com/abreschi/ShortRNA-nf,ShortRNA-nf,,2017-10-01 16:03:30,2016-09-12 12:05:28,,,3.0,3.0,0.0,2016-09-12 12:02:52,0.0,,,,0.0,0.0,0.0,0.0,0.0,0.0,0.0,False,0.0,"Shell: 50.29%, Python: 32.67%, Awk: 17.04%",False,True,True,False,False,False,
https://github.com/andremrsantos/next-pipes-lghm,next-pipes-lghm,Nextflow Pipelines for analysis of NGS data from the LGHM bioinformatics lab,2017-10-01 16:03:33,2015-06-08 18:23:24,,,3.0,3.0,0.0,2015-06-08 18:23:24,1.0,2015-06-17 14:21:34,Version v1.0 - Merge SmallRNA script development branch,,0.0,0.0,0.0,0.0,0.0,0.0,1.0,False,0.0,,True,True,True,False,False,False,
https://github.com/AveraSD/nextflow-kallisto,nextflow-kallisto,,2017-10-01 16:03:36,2015-07-16 22:26:05,,,3.0,3.0,0.0,2015-07-16 22:26:05,0.0,,,,0.0,0.0,0.0,0.0,0.0,0.0,1.0,False,0.0,,True,True,True,False,False,False,
https://github.com/AveraSD/nextflow-rnastar,nextflow-rnastar,nextflow pipeline for transcriptome quantificaton using STAR and featurecounts,2018-10-08 17:28:21,2015-07-20 20:06:59,,,4.0,4.0,2.0,2015-07-20 20:06:59,0.0,,,,0.0,0.0,0.0,0.0,0.0,0.0,1.0,False,0.0,,True,True,True,False,False,False,
https://github.com/cbcrg/benchfam,benchfam,,2018-02-08 14:55:48,2013-06-25 12:26:14,"nextflow, pipeline",,3.0,3.0,1.0,2013-06-25 15:18:40,0.0,,,,0.0,0.0,1.0,0.0,0.0,1.0,3.0,False,10742.0,"Shell: 96.09%, Perl: 2.50%, Nextflow: 1.41%",False,False,True,False,False,False,
https://github.com/cbcrg/grape-nf,grape-nf,Yet another Grape RNA-Seq analyses pipeline,2018-06-03 11:06:38,2013-06-27 12:52:49,"nextflow, pipeline",,2.0,2.0,1.0,2013-06-27 12:52:50,4.0,2013-08-07 16:02:52,Version 1.2.0,,0.0,0.0,0.0,0.0,0.0,0.0,3.0,False,10130.0,"Shell: 52.03%, Nextflow: 47.97%",False,True,True,False,False,False,
https://github.com/cerebis/meta-sweeper,meta-sweeper,Parametric sweep of simulated microbial communities and metagenomic sequencing.,2021-10-07 16:39:12,2016-05-06 01:33:27,,,9.0,9.0,0.0,2016-05-06 01:33:27,1.0,2017-07-09 10:48:47,Release 0.1.1 for zenodo,,23.0,23.0,56.0,0.0,0.0,0.0,2.0,False,0.0,"Python: 76.86%, Groovy: 20.28%, Shell: 2.15%, R: 0.71%",False,True,True,False,False,False,
https://github.com/charite/ngspipeline,ngspipeline,Our NGS Pipeline using Nextflow,2023-01-12 09:18:42,2014-12-09 14:54:16,,,7.0,7.0,3.0,2014-12-09 14:54:16,0.0,,,,0.0,0.0,1.0,0.0,0.0,1.0,1.0,False,0.0,,False,True,False,False,False,False,
https://github.com/chrisquince/DESMAN,DESMAN,De novo Extraction of Strains from MetAgeNomes,2023-06-10 19:09:16,2015-06-25 11:20:31,,,66.0,66.0,21.0,2015-06-25 11:20:31,4.0,2017-07-28 20:51:45,Initial beta release of DESMAN,,26.0,26.0,26.0,0.0,0.0,14.0,9.0,False,7450.0,"Python: 86.90%, Perl: 7.29%, Nextflow: 2.87%, C: 2.01%, R: 0.75%, Shell: 0.18%",False,False,False,False,False,False,
https://github.com/evanfloden/concTree,concTree,Using Alignment Uncertainty from Many Multiple Sequence Alignments to Create Consensus Trees,2021-10-27 23:57:26,2016-04-25 13:12:13,,,6.0,6.0,2.0,2016-04-25 13:13:52,0.0,,,,0.0,0.0,1.0,0.0,0.0,1.0,2.0,False,11593.0,"Perl: 40.11%, C++: 39.46%, C: 9.52%, HTML: 5.85%, Makefile: 2.14%, Perl 6: 1.21%, XS: 1.13%, Nextflow: 0.26%, Shell: 0.15%, MATLAB: 0.07%, Prolog: 0.05%, R: 0.03%, Ruby: 0.02%, Python: 0.01%, Roff: 0.00%",False,True,True,False,False,False,
https://github.com/evanfloden/lncRNA-Annotation-nf,lncRNA-Annotation-nf,"A Nextflow lncRNA Annotation Pipeline based on STAR, Cufflinks and FEELnc",2022-04-06 15:22:42,2016-03-08 13:44:51,,,6.0,6.0,12.0,2016-03-08 13:45:56,0.0,,,,3.0,3.0,6.0,0.0,0.0,6.0,2.0,True,10584.0,"Nextflow: 98.20%, Awk: 1.80%",False,True,True,False,False,False,
https://github.com/evanfloden/paraMSA/,paraMSA,Using uncertainty in multiple sequence alignments for phylogenetic trees and bootstrap support values,2022-01-10 06:14:46,2016-07-21 10:05:08,,,4.0,4.0,4.0,2016-07-21 10:05:09,0.0,,,,0.0,0.0,3.0,0.0,0.0,3.0,2.0,False,26245.0,"HTML: 43.59%, Perl: 23.90%, C++: 23.58%, C: 5.69%, Makefile: 1.28%, Perl 6: 0.73%, XS: 0.67%, Nextflow: 0.36%, Shell: 0.08%, R: 0.05%, MATLAB: 0.04%, Prolog: 0.03%, Ruby: 0.01%, Python: 0.01%, Roff: 0.00%",False,True,True,False,False,False,
https://github.com/evanfloden/tuxedo-nf,tuxedo-nf,"A Nextflow implementation of the Tuxedo Suite of Tools: HISAT, StringTie & Ballgown",2022-12-12 15:48:38,2016-10-04 09:11:15,,,8.0,8.0,4.0,2016-10-04 09:12:40,0.0,,,,3.0,3.0,7.0,0.0,0.0,1.0,2.0,True,15770.0,Nextflow: 100.00%,False,True,True,False,False,False,
https://github.com/evanfloden/vast-tools-nf,vast-tools-nf,A Nextflow Implementation of VAST-TOOLS for profiling alternative splicing events in RNA-Seq data,2022-09-08 08:38:17,2016-04-27 13:43:58,,,4.0,4.0,2.0,2016-04-27 13:45:10,0.0,,,,0.0,0.0,1.0,0.0,0.0,1.0,2.0,True,7404.0,"Nextflow: 80.43%, Dockerfile: 19.57%",False,True,True,False,False,False,
https://github.com/fredericlemoine/rna-pipeline,rna-pipeline,RNA-Seq pipeline with nextflow and docker,2021-04-15 08:40:11,2016-04-16 21:12:21,,,4.0,4.0,1.0,2016-04-16 21:14:31,0.0,,,,0.0,0.0,0.0,0.0,0.0,0.0,1.0,True,31267.0,"Nextflow: 73.66%, Dockerfile: 23.02%, Perl: 3.09%, R: 0.23%",False,False,False,False,False,False,
https://github.com/h3abionet/chipimputation,chipimputation,Genotype Imputation Pipeline for H3Africa,2023-01-16 11:31:30,2016-08-22 14:53:48,"nextflow, imputation, bioinformatics-pipeline",,15.0,15.0,19.0,2016-08-22 15:02:50,0.0,,,,3.0,3.0,31.0,1.0,1.0,20.0,6.0,True,116931.0,"Nextflow: 61.49%, Python: 19.63%, R: 9.75%, Dockerfile: 7.03%, HTML: 1.99%, Shell: 0.11%",True,True,True,False,False,False,
https://github.com/h3abionet/h3agwas,h3agwas,GWAS Pipeline for H3Africa,2023-07-07 20:55:58,2016-08-22 15:32:08,,,85.0,85.0,60.0,2016-08-22 15:34:36,8.0,2018-01-24 12:37:35,Master of version 1: December 2017,,13.0,13.0,30.0,0.0,0.0,10.0,7.0,True,541257.0,"Nextflow: 38.85%, Python: 33.88%, Perl: 16.40%, R: 10.80%, Shell: 0.06%",True,True,True,False,False,False,
https://github.com/HadrienG/pipelines,pipelines,:whale: A collection of nextflow pipelines,2017-10-01 16:03:53,2015-11-10 09:55:21,"netxflow, bioinformatics, pipeline",,2.0,2.0,0.0,2015-11-10 09:55:21,0.0,,,,0.0,0.0,0.0,0.0,0.0,0.0,1.0,False,0.0,,False,False,False,False,False,False,
https://github.com/hmkim/workflow/tree/master/nextflow,,,,,,,,,,,,,,,,,,,,,,,,,,,,,,,True
https://github.com/holtgrewe/ngs_pipelines,ngs_pipelines,Nextflow-based pipelines for typical NGS processing tasks,2021-02-24 22:27:43,2015-03-26 13:15:34,,,6.0,6.0,4.0,2015-03-11 10:01:32,0.0,,,,0.0,0.0,0.0,0.0,0.0,0.0,1.0,False,0.0,Groovy: 100.00%,False,True,True,False,False,False,
https://github.com/IARCbioinfo/bam_realignment-nf,bam_realignment-nf,"bam realignment with samtools, bwa and sambamba",2020-11-16 14:13:12,2016-03-17 09:55:21,,,1.0,1.0,1.0,2016-03-17 09:55:22,0.0,,,,0.0,0.0,2.0,0.0,0.0,2.0,2.0,False,0.0,,False,True,True,False,False,False,
https://github.com/IARCbioinfo/bametrics-nf,bametrics-nf,Nextflow pipeline to compute average metrics from reads that overlap a given set of positions,2016-12-20 09:54:18,2016-12-19 14:26:14,,,1.0,1.0,1.0,2016-12-19 14:25:56,0.0,,,,1.0,1.0,0.0,0.0,0.0,0.0,1.0,False,0.0,Shell: 100.00%,False,True,True,False,False,False,
https://github.com/IARCbioinfo/GVCF_pipeline-nf,GVCF_pipeline-nf,Nextflow pipeline for generate GVCF from BAM with GenomeAnalysisTK with step of realignment,2023-01-31 08:13:01,2016-03-15 15:24:40,,,4.0,4.0,4.0,2016-03-15 15:24:41,0.0,,,,0.0,0.0,0.0,0.0,0.0,0.0,1.0,False,0.0,,False,True,True,False,False,False,
https://github.com/IARCbioinfo/mpileup-nf,mpileup-nf,Nextflow pipeline for coverage computation with samtools mpileup (bed parallelization) ,2016-11-23 09:52:24,2016-11-22 14:59:19,,,1.0,1.0,1.0,2016-11-22 14:59:20,0.0,,,,0.0,0.0,0.0,0.0,0.0,0.0,1.0,False,0.0,"Perl: 59.94%, R: 40.06%",False,True,True,False,False,False,
https://github.com/IARCbioinfo/mutect-nf,mutect-nf,Mutect pipeline with Nextflow,2021-07-19 09:49:55,2016-03-10 09:52:40,"nextflow, mutect",,9.0,9.0,7.0,2016-03-10 09:54:50,5.0,2017-07-20 09:33:31,v1.0,,1.0,1.0,30.0,0.0,0.0,25.0,5.0,True,40377.0,"Nextflow: 67.06%, HTML: 20.40%, R: 5.50%, Roff: 2.21%, Python: 1.73%, Dockerfile: 1.58%, Shell: 1.52%",False,True,True,False,False,False,
https://github.com/InSilicoDB/pipeline-kallisto/,pipeline-kallisto,Nextflow pipeline configuration for kallisto,2017-10-01 16:04:05,2015-09-02 12:41:34,,,3.0,3.0,0.0,2015-09-02 12:41:34,8.0,2015-10-05 12:44:49,0.1-beta.1,,0.0,0.0,1.0,0.0,0.0,1.0,1.0,False,0.0,,True,True,True,False,False,False,
https://github.com/InSilicoDB/snp-imputation-nf,snp-imputation-nf,Nextflow script to create the imputation,2016-04-22 13:40:35,2016-04-12 14:34:40,,,1.0,1.0,2.0,2016-04-12 15:02:16,0.0,,,,0.0,0.0,0.0,0.0,0.0,0.0,1.0,False,0.0,,False,True,True,False,False,False,
https://github.com/jdidion/rna-quick,rna-quick,"Differential gene, transcript, exon, and splice junction testing framework. (pre-alpha)",2018-10-07 15:54:38,2016-03-31 15:42:15,,,4.0,4.0,0.0,2016-03-31 17:21:05,0.0,,,,1.0,1.0,0.0,0.0,0.0,0.0,1.0,False,0.0,R: 100.00%,True,True,True,False,False,False,
https://github.com/joshua-d-campbell/nf-GATK_Exome_Preprocess,nf-GATK_Exome_Preprocess,Adapted from the GATK best practice guide to preprocess whole exome sequencing (WES) data,2023-05-16 08:17:39,2017-01-25 17:07:22,,,10.0,10.0,5.0,2017-01-25 17:07:22,3.0,2017-01-29 16:28:51,,,0.0,0.0,2.0,0.0,0.0,1.0,1.0,True,25323.0,Nextflow: 100.00%,False,True,True,False,False,False,
https://github.com/meissnert/nextflow-gtool,nextflow-gtool,nextflow for gtool (http://www.well.ox.ac.uk/~cfreeman/software/gwas/gtool.html),2017-10-01 16:04:25,2015-07-22 20:35:02,,,2.0,2.0,0.0,2015-07-22 20:35:02,0.0,,,,0.0,0.0,0.0,0.0,0.0,0.0,1.0,False,0.0,,True,False,True,False,False,False,
https://github.com/CDCgov/mycosnp-nf,mycosnp-nf,CDCgov/mycosnp-nf,2023-07-07 15:28:03,2022-02-24 16:02:43,"myco, snp, nf-core, nextflow",,21.0,21.0,22.0,2022-02-24 16:02:45,6.0,2022-03-25 15:59:11,v1.0 Espresso Myconaut,,18.0,18.0,89.0,4.0,4.0,51.0,11.0,True,8335199.0,"Nextflow: 98.86%, Groovy: 0.51%, Python: 0.45%, Perl: 0.09%, HTML: 0.03%, Shell: 0.03%, R: 0.02%",True,True,True,False,False,False,
https://github.com/NationalGenomicsInfrastructure/icing,icing,An attempt to make HLA typing from OxfordNanopore reads (MinION platform) ,2022-07-27 20:49:04,2016-06-02 12:52:47,,,12.0,12.0,1.0,2016-06-02 12:52:48,0.0,,,,1.0,1.0,0.0,0.0,0.0,0.0,1.0,False,9283.0,"Python: 75.95%, Nextflow: 22.53%, Groovy: 1.18%, Shell: 0.33%",True,True,True,False,False,False,
https://github.com/NBISweden/wgs-structvar,wgs-structvar,Whole Genome Sequenceing Structural Variation Pipelines,2022-12-09 14:09:31,2016-05-31 13:46:58,,,15.0,15.0,7.0,2016-06-01 06:56:03,6.0,2016-10-05 12:50:46,Fourth production test,,15.0,15.0,86.0,0.0,0.0,61.0,8.0,True,20175.0,"Nextflow: 79.47%, Perl: 18.73%, Shell: 1.80%",True,True,True,False,False,False,
https://github.com/MHH-RCUG/nf_wochenende,nf_wochenende,A nextflow version of the Wochenende reference metagenome binning and visualization pipeline,2023-08-16 11:33:14,2022-05-23 09:55:38,,,8.0,8.0,2.0,2022-05-23 09:55:39,0.0,,,,13.0,13.0,84.0,0.0,0.0,52.0,4.0,False,29377.0,"Python: 64.95%, Shell: 22.50%, Nextflow: 12.55%",False,True,True,False,False,False,
https://github.com/nmdp-bioinformatics/flow-blast-hml,flow-blast-hml,"nextflow pipeline for extracting, blasting and validating all consensus sequences found in an HML file.",2016-03-25 15:33:27,2016-03-17 15:03:36,,,1.0,1.0,2.0,2016-03-17 15:03:36,0.0,,,,0.0,0.0,9.0,0.0,0.0,9.0,0.0,False,0.0,,True,False,True,False,False,False,
https://github.com/nmdp-bioinformatics/flow-validation,flow-validation,Validation workflow.,2017-10-01 16:04:30,2015-05-29 20:13:21,,,2.0,2.0,1.0,2015-05-29 20:13:21,0.0,,,,2.0,2.0,12.0,0.0,0.0,12.0,3.0,False,0.0,,True,False,True,False,False,False,
https://github.com/ODiogoSilva/innuca-nf,innuca-nf,"A nextflow implementation of INNUENDO quality control of reads, de novo assembly and contigs quality assessment, and possible contamination search",2018-12-09 21:41:45,2017-09-25 16:36:43,,,3.0,3.0,0.0,2017-09-25 16:44:26,0.0,,,,2.0,2.0,7.0,0.0,0.0,0.0,1.0,False,0.0,"Python: 85.75%, Groovy: 10.52%, Shell: 3.73%",False,True,True,False,False,False,
https://github.com/pbelmann/sra-download,sra-download,,2021-05-18 11:45:15,2016-11-16 11:49:15,,,5.0,5.0,2.0,2016-11-16 13:45:41,0.0,,,,0.0,0.0,1.0,0.0,0.0,0.0,1.0,True,2290.0,"Nextflow: 76.38%, Dockerfile: 23.62%",True,True,True,False,False,False,
https://github.com/CDCgov/phoenix,phoenix,üî•üê¶üî•PHoeNIx: A short-read pipeline for healthcare-associated and antimicrobial resistant pathogens,2023-08-03 18:16:12,2022-05-10 20:07:06,,,38.0,38.0,9.0,2022-05-10 20:07:08,7.0,2022-06-22 12:36:56,Œ≤eta,,10.0,10.0,107.0,2.0,2.0,82.0,5.0,False,251973.0,"Python: 44.54%, Nextflow: 30.52%, Shell: 15.31%, Groovy: 5.50%, WDL: 3.25%, Perl: 0.59%, HTML: 0.30%",True,True,True,False,False,False,
https://github.com/PlantandFoodResearch/VariantAnalysis,VariantAnalysis,A bioinformatic variant calling pipeline,2017-08-24 16:50:35,2016-08-29 00:55:26,,,4.0,4.0,4.0,2016-08-29 01:05:54,0.0,,,,3.0,3.0,2.0,0.0,0.0,2.0,2.0,False,0.0,"Jupyter Notebook: 60.64%, HTML: 38.52%, Shell: 0.51%, R: 0.33%",True,True,True,False,False,False,
https://github.com/robsyme/nextflow-annotate,nextflow-annotate,Workflows I find helpful for fungal genome annotation,2021-12-30 02:32:17,2014-10-01 20:08:34,,,20.0,20.0,11.0,2014-10-01 20:08:35,2.0,2016-11-25 06:37:06,RepeatMasker upgrade,,3.0,3.0,4.0,1.0,1.0,4.0,4.0,False,29581.0,"Perl: 40.92%, Nextflow: 33.64%, Ruby: 23.23%, Python: 2.21%",True,True,True,False,False,False,
https://github.com/robsyme/nextflow-mapping,,,,,,,,,,,,,,,,,,,,,,,,,,,,,,,True
https://github.com/robsyme/workflows-proteogenomics,workflows-proteogenomics,"Versioned, shareable and replicable workflows for proteogenomics.",2022-06-11 22:06:53,2014-11-25 17:05:39,,,2.0,2.0,1.0,2014-11-25 17:05:39,0.0,,,,0.0,0.0,0.0,0.0,0.0,0.0,1.0,False,0.0,,False,False,True,False,False,False,
https://github.com/CDCgov/SC2CLIA,SC2CLIA,An SARS-CoV-2 bioinformatics pipeline for CLIA validation using Dr. Erin Young's Cecret StaphB pipeline as a base,2022-01-20 13:33:52,2021-11-18 15:17:00,,,4.0,4.0,1.0,2021-03-17 05:44:20,1.0,2021-11-19 19:23:12,SC2CLIA v1.4,,1.0,1.0,0.0,0.0,0.0,0.0,5.0,True,71282.0,"Nextflow: 36.57%, Python: 33.96%, R: 24.34%, Shell: 5.12%",False,False,False,False,False,False,
https://github.com/skner/iasi-pipe,iasi-pipe,nextflow data pipeline for Ion Torrent data,2019-05-20 13:58:16,2015-02-25 10:58:17,,,2.0,2.0,0.0,2015-02-25 10:58:17,0.0,,,,0.0,0.0,0.0,0.0,0.0,0.0,1.0,False,0.0,,True,False,True,False,False,False,
https://github.com/snewhouse/ngs_nextflow,,,,,,,,,,,,,,,,,,,,,,,,,,,,,,,True
https://github.com/Wittelab/orchid,orchid,"A novel management, annotation, and machine learning framework for analyzing cancer mutations ",2023-01-20 23:59:41,2017-07-18 23:53:39,"bioinformatics, machine-learning, cancer-genomics, variant-annotations",,29.0,29.0,9.0,2017-07-18 23:53:39,1.0,2017-08-02 21:26:23,Submission Release,,4.0,4.0,4.0,0.0,0.0,0.0,1.0,False,66547.0,"Jupyter Notebook: 96.91%, Python: 1.82%, Nextflow: 0.88%, Shell: 0.22%, Awk: 0.15%, Dockerfile: 0.03%",False,False,False,False,False,False,
